Author,Title,Year,YouTubeId,Origin
Patti Page,Tennessee Waltz,1950,iVsJsooSN2Q,US
The Weavers,Goodnight Irene,1950,MSDyiUBrUSk,US
Frankie Laine,Mule Train,1950,oZ62MOvS2hQ,US
The Ames Brothers,Rag Mop,1950,BEQBV_TC2Lk,US
Red Foley,Chattanoogie Shoe Shine Boy,1950,NTdRvLJv1AE,US
Hank Snow,I'm Moving On,1950,f9yTqFWxHpA,CA
Phil Harris,The Thing,1950,-1tKZ3flZZY,US
Ames Brothers,Sentimental Me,1950,UllsvDYfjuQ,US
Mario Lanza,Be My Love,1950,EQz1McBv0fw,US
Nat King Cole,Mona Lisa,1950,G2vgJ0MGOlg,US
Nat King Cole,Unforgettable,1951,MwLUkcNnU6A,US
Les Paul & Mary Ford,How High the Moon,1951,NkGf1GHAxhE,US
Rosemary Clooney,Come On-a My House,1951,mriXncI96lw,US
Tony Bennett,Because of You,1951,i-4zvArJDGg,US
Johnny Ray,Cry,1951,5FO07LN72ek,US
Kay Starr,Wheel of Fortune,1952,OeIce5NsWKk,US
Jo Stafford,You Belong to Me,1952,zQfF84ackMM,US
Georgia Gibbs,Kiss of Fire,1952,mLpzfER6w3c,US
Joni James,Why Don't You Believe Me,1952,sHJQ6BGyFXg,US
Kitty Wells,It Wasn't God Who Made Honky Tonk Angels,1952,tKleTa94dC8,US
Patti Page,I Went to Your Wedding,1952,AR-_JC36vXM,US
Vera Lynn,Auf Wiederseh'n Sweetheart,1952,8WsuLH4sulA,UK
The Gaylords,Tell Me You're Mine,1952,H8fO2DnPXBI,US
Don Cornell,I'm Yours,1952,DNbqcQAFMhM,US
Slim Whitman,Indian Love Call,1952,HBuk1HXcz1k,US
Eddie Fisher,Oh! My Pa-Pa,1953,6dWOsP_wly0,US
Teresa Brewer,Ricochet,1953,F6gPh6PSJeo,US
Frank Sinatra,Young at Heart,1953,aZRn4auk4PQ,US
The Orioles,Crying in the Chapel,1953,eEwcMvcWKgk,US
The Crows,Gee,1953,y0eQyVaiBDA,US
Ruth Brown,"Mama, He Treats Your Daughter Mean",1953,BqmGZRGvKC8,US
Hank Williams,Your Cheatin' Heart,1953,Jg2oR91_r5I,US
Frankie Laine,I Believe,1953,FDMYMbj8_4A,US
Bill Haley & His Comets,Rock Around the Clock,1954,ZgdufzXvjqw,US
Perry Como,Papa Loves Mambo,1954,tXNohKdbBDo,US
The Chordettes,Mr. Sandman,1954,CX45pYvxDiA,US
The Fontane Sisters,Hearts of Stone,1954,EbkYtUwbGcc,US
Crew Cuts,Sh-Boom,1954,pjl7xtoFp0U,CA
The Penguins,Earth Angel,1954,VJcGi4-n_Yw,US
The Moonglows,Sincerely,1954,jnwOGVjQYh0,US
Big Joe Turner,"Shake, Rattle and Roll",1954,YhELpSeeipg,US
Rosemary Clooney,This Ole House,1954,nstn4Wscl1w,US
The Four Knights,I Get So Lonely,1954,kGocil_Bj7c,US
The Platters,The Great Pretender,1955,RBj2HN2uuNA,US
Little Richard,Tutti Frutti,1955,ZSx91WBQLpg,US
Dean Martin,Memories Are Made of This,1955,KqVUwJvde44,US
Tennessee Ernie Ford,Sixteen Tons,1955,S1980WfKC0o,US
The Four Aces,Love Is a Many-Splendored Thing,1955,1cdqcvUjYh0,US
Mitch Miller,The Yellow Rose of Texas,1955,SkDFeO8WKcc,US
Roger Williams,Autumn Leaves,1955,KlVVLIvv_Mk,US
Bo Diddley,Bo Diddley,1955,WJLy-Fnedy8,US
Eddy Arnold,Cattle Call,1955,-JX50rZae2M,US
Webb Pierce,In the Jailhouse Now,1955,3-xx__UYitI,US
Bill Hayes,The Ballad of Davy Crockett,1955,W1KYpizprfI,US
Elvis Presley,Heartbreak Hotel,1956,e9BLw4W5KU8,US
Fats Domino,Blueberry Hill,1956,bQQCPrwKzdo,US
Elvis Presley,Hound Dog,1956,-eHJ12Vhpyc,US
Johnny Cash,I Walk the Line,1956,1okN-dOy8Zk,US
Frankie Lymon & The Teenagers,Why Do Fools Fall in Love,1956,2sAHiR0rkJg,US
Guy Mitchell,Singing the Blues,1956,wJA8b3esxfE,US
Doris Day,"Que Sera, Sera",1956,xZbKHDPPrrc,US
Sonny James,Young Love,1956,pU_8D5jBqd0,US
Gene Vincent,Be-Bop-A-Lula,1956,ZWFlLYZm0tA,US
Carl Perkins,Blue Suede Shoes,1956,mvsYRAc-BWA,US
Screamin' Jay Hawkins,I Put a Spell on You,1956,82cdnAUvsw8,US
Ivory Joe Hunter,Since I Met You Baby,1956,eSMP_VvzxJo,US
LaVern Baker,Jim Dandy,1956,_EoebOJqjGM,US
Johnnie Ray,Just Walking in the Rain,1956,8uCsvWgmjwg,US
Leroy Van Dyke,The Auctioneer,1956,pPqzfiesoJY,US
Jerry Lee Lewis,Great Balls of Fire,1957,ZD8YPY8RBQc,US
Buddy Holly,Peggy Sue,1957,Zpni8tmIzaM,US
The Everly Brothers,Bye Bye Love,1957,LRyrWN-fftE,US
Sam Cooke,You Send Me,1957,_y3VnMm53pc,US
The McGuire Sisters,Sugartime,1957,bRvEHn6fKWE,US
Elvis Presley,Jailhouse Rock,1957,gj0Rz-uP4Mk,US
Buddy Holly,That'll Be the Day,1957,M4TfFTmITLo,US
The Diamonds,Little Darlin',1957,5FYoYYChb0Y,CA
Paul Anka,Diana,1957,98Q0fuBwt-g,CA
Tab Hunter,Young Love,1957,OrWiRo92tIA,US
The Hilltoppers,Marianne,1957,JmnQCP015yw,US
Elvis Presley,All Shook Up,1957,23zLefwiii4,US
Pat Boone,Love Letters in the Sand,1957,2ENzT9k1LRs,US
Chuck Berry,Johnny B. Goode,1958,Y-9Y4CCIWnM,US
Ritchie Valens,La Bamba,1958,BycLmWI97Nc,US
The Coasters,Yakety Yak,1958,epCN0f7FTIY,US
The Champs,Tequila,1958,U_JFLb1IItM,US
The Big Bopper,Chantilly Lace,1958,4b-by5e4saI,US
Eddie Cochran,Summertime Blues,1958,1C38Zevwyx4,US
The Teddy Bears,To Know Him Is to Love Him,1958,tIUf6dOGc1c,US
Ray Charles,What'd I Say,1959,EPLZL4s_jtI,US
The Drifters,There Goes My Baby,1959,xU21gzEtmuw,US
Bobby Darin,Mack the Knife,1959,557lFG-qq5g,US
The Fleetwoods,Come Softly to Me,1959,nIivzJ90M0s,US
Santo & Johnny,Sleep Walk,1959,YBRCvVpknvg,US
The Clovers,Love Potion No. 9,1959,h8KDknyNzsw,US
Jim Reeves,He'll Have to Go,1959,FPBtqvljEFw,US
Johnny Horton,The Battle of New Orleans,1959,mjXM6x_0KZk,US
The Flamingos,I Only Have Eyes for You,1959,FvzNeh4Mq1o,US
Etta James,At Last,1959,cZag0E32is0,US
Ray Charles,Georgia on My Mind,1960,ggGzE5KfCio,US
The Shirelles,Will You Still Love Me Tomorrow,1960,Y2e8B2CmicQ,US
Etta James,At Last,1961,cZag0E32is0,US
Patsy Cline,I Fall to Pieces,1961,gEcZ8BlsJhI,US
Ben E. King,Stand By Me,1961,hwZNL7QVJjE,US
Del Shannon,Runaway,1961,0S13mP_pfEc,US
Sam Cooke,Cupid,1961,S28tILqie1o,US
Patsy Cline,Crazy,1961,MbnrdCS57d0,US
Roy Orbison,Crying,1962,qLC9o_unLq4,US
Dick Dale & the Del-Tones,Misirlou,1962,ZIU0RMV_II8,US
The Ronettes,Be My Baby,1963,jSPpbOGnFgk,US
The Crystals,Then He Kissed Me,1963,MSkum4B162M,US
Johnny Cash,Ring of Fire,1963,1WaV2x8GXj0,US
Bob Dylan,"Don’t Think Twice, It’s All Right",1963,1iHhWh9FtsQ,US
BBC Radiophonic Workshop,Doctor Who (Original Theme),1963,75V4ClJZME4,UK
The Angels,My Boyfriend’s Back,1963,T1MRTjYiI90,US
The Shangri-Las,Leader of the Pack,1964,Q8UKf65NOzM,US
Sam Cooke,A Change Is Gonna Come,1964,wEBlaMOmKV4,US
The Beach Boys,Don’t Worry Baby,1964,4Riqmsn4qGU,US
The Supremes,Where Did Our Love Go,1964,qTBmgAOO0Nw,US
The Beatles,I Want to Hold Your Hand,1964,v1HDt1tknTc,UK
The Kinks,You Really Got Me,1964,fTTsY-oz6Go,UK
Stan Getz & João Gilberto,The Girl From Ipanema,1964,c5QfXjsoNe4,BR
Bob Dylan,Like a Rolling Stone,1965,IwOfCgkyEj0,US
The Who,I Can’t Explain,1965,h3h--K5928M,UK
Simon & Garfunkel,The Sound of Silence,1965,NAEppFUWLfc,US
The Who,The Kids Are Alright,1965,afam2nIae4o,UK
James Brown & the Famous Flames,Papa’s Got a Brand New Bag,1965,QE5D2hJhacU,US
Bob Dylan,Subterranean Homesick Blues,1965,MGxjIBEZvx0,US
The Miracles,The Tracks of My Tears,1965,rNS6D4hSQdA,US
The Shangri-Las,Out in the Streets,1965,NrICMb-VIGc,US
The Shangri-Las,Give Him a Great Big Kiss,1965,01YePzk29Mc,US
Vince Guaraldi Trio,Linus and Lucy,1965,x6zypc_LhnM,US
The Supremes,You Can’t Hurry Love,1966,ovoBi3pXD_A,US
The Beach Boys,God Only Knows,1966,NADx3-qRxek,US
The Beach Boys,Wouldn’t It Be Nice,1966,dmcNbsLCpBQ,US
The Beach Boys,Good Vibrations,1966,apBWI6xrbLY,US
The Rolling Stones,Paint It Black,1966,O4irXQhgMqg,UK
The Beatles,Tomorrow Never Knows,1966,m4BuziKGMy4,UK
The Beatles,Eleanor Rigby,1966,HuS5NuXRb5Y,UK
James Brown & the Famous Flames,It’s a Man’s Man’s Man’s World,1966,H77fRz1rybs,US
Ennio Morricone,"The Good, the Bad, and the Ugly (Main Theme)",1966,XOl73VQOS9M,IT
The Supremes,You Keep Me Hangin’ On,1966,pi00f6oiMu4,US
Ike & Tina Turner,River Deep - Mountain High,1966,pWK7v0gIHLo,US
The Mamas & the Papas,California Dreamin’,1966,N-aK6JnyFmk,US
Sam & Dave,"Hold On, I’m Comin’",1966,6JElrEbAcwY,US
The Who,Substitute,1966,eswQl-hcvU0,UK
Bob Dylan,Visions of Johanna,1966,AwuCF5lYqEE,US
The Byrds,Eight Miles High,1966,NxyOhFBoxSY,US
The Four Tops,It’s the Same Old Song,1966,CkKJy4UaPHM,US
? and the Mysterians,96 Tears,1966,XeolH-kzx4c,US
The Beatles,A Day in the Life,1967,usNsCeOV4GM,UK
The Velvet Underground,I’m Waiting for the Man,1967,_7bsxcNdzKg,US
The Beatles,I Am the Walrus,1967,Ws5klxbI87I,UK
The Kinks,Waterloo Sunset,1967,N_MqfF0WBsU,UK
Nico,These Days,1967,52ZdwZ7Ig-8,DE
The Velvet Underground,Heroin,1967,2f_Md22IIj0,US
Jimi Hendrix,Manic Depression,1967,_OmzEQzaaU4,US
The Paragons,The Tide Is High,1967,SQXqkiKXiHc,JM
Jackie Wilson,(Your Love Keeps Lifting Me) Higher and Higher,1967,mzDVaKRApcg,US
The Monkees,Daydream Believer,1967,xvqeSJlgaNk,US
The Velvet Underground,Sunday Morning,1967,Xhbyj8pqUao,US
Love,Alone Again Or,1967,cPbNpIG8x_s,US
The Creation,Making Time,1967,Tl7T5GCfEL0,UK
The Left Banke,Walk Away Renée,1967,qDfrW5cWqMU,US
Desmond Dekker & the Aces,007 (Shanty Town),1967,kpVxwWQjIy0,JM
Pink Floyd,See Emily Play,1967,7c0EDM-Yu9o,UK
Jefferson Airplane,White Rabbit,1967,pnJM_jC7j_4,US
The Who,The Kids Are Alright,1967,afam2nIae4o,UK
The Velvet Underground,Venus in Furs,1967,GiobySgFP2s,US
The Velvet Underground,Sister Ray,1967,uqAN9Ox2Stw,US
The Who,I Can See For Miles,1967,Q0iqg2UanEc,UK
Buffalo Springfield,For What It’s Worth,1967,80_39eAx3z8,US
Pink Floyd,Astronomy Domine,1967,8UbNbor3OqQ,UK
The Jackson 5,I Want You Back,1969,y2bVIBwpCTA,US
The Stooges,I Wanna Be Your Dog,1969,3gsWt7ey6bo,US
Creedence Clearwater Revival,Fortunate Son,1969,ZWijx_AgPiA,US
Led Zeppelin,Dazed and Confused,1969,w772GXG5LnE,UK
The Rolling Stones,Gimme Shelter,1969,RbmS3tQJ7Os,UK
Desmond Dekker & the Aces,Israelites,1969,0wSXTN2EfRo,JM
Led Zeppelin,Whole Lotta Love,1969,HQmmM_qwG4k,UK
Elvis Presley,Suspicious Minds,1969,WrMGGouem3c,US
Neil Young & Crazy Horse,Down by the River,1969,DyOFt55pEh0,CA
The Stooges,1969,1969,mS_BsLxMqn4,US
The Maytals,Pressure Drop,1969,uw66FA6OTqA,JM
King Crimson,21st Century Schizoid Man,1969,7OvW8Z7kiws,UK
The Isley Brothers,It’s Your Thing,1969,Tqc_EhmL8-E,US
Simon & Garfunkel,The Boxer,1969,l3LFML_pxlY,US
Sly & the Family Stone,I Want to Take You Higher,1969,BqWQzOzK3kw,US
Gal Costa,Baby,1969,7ey65touQaY,BR
Neil Young & Crazy Horse,Cinnamon Girl,1969,oMMUcHHD6ZY,CA
The Band,The Night They Drove Old Dixie Down,1969,6dDbnwQlCek,CA
David Bowie,Space Oddity,1969,iYYRH4apXDo,UK
Sly & the Family Stone,Hot Fun in the Summertime,1969,Bg0tFRea0wA,US
Tommy James & the Shondells,Crimson and Clover,1969,XS0niyiKlcw,US
Sly & the Family Stone,Everyday People,1969,YUUhDoCx8zc,US
The Stooges,We Will Fall,1970,LQG3lETHtt4,US
The Velvet Underground,What Goes On,1970,AC7xbqmlluo,US
The Kinks,Lola,1970,LemG0cvc4oU,UK
David Bowie,Life on Mars,1971,AZKcl4-tcuo,UK
Marvin Gaye,What's Going On,1971,H-kA3UtBj4M,US
The Rolling Stones,Wild Horses,1971,SQTHB4jM-KQ,UK
Led Zeppelin,Stairway to Heaven,1971,QkF3oxziUI4,UK
Al Green,Let's Stay Together,1971,XXx6RDzR6eM,US
Joni Mitchell,A Case of You,1971,qAZp5JfDmz4,CA
The Who,Won't Get Fooled Again,1971,Jtb10ZwbReY,UK
John Lennon,Imagine,1971,VOgFZfRVaww,UK
The Rolling Stones,Brown Sugar,1971,Fmfi3UbDPnQ,UK
The Beach Boys,Surf's Up,1971,t3FL9i2IiDQ,US
Harry Nilsson,Without You,1971,8dnUv3DUP4E,US
Serge Gainsbourg,Ballade de Melody Nelson,1971,2o165uRDuYU,FR
T. Rex,Jeepster,1971,U8kGuZMHycU,UK
Lou Reed,Walk on the Wild Side,1972,oG6fayQBm9w,US
The Temptations,Papa Was a Rolling Stone,1972,S5xAtsXb8Vs,US
Stevie Wonder,Superstition,1972,0CFuCYNx-1g,US
The Rolling Stones,Tumbling Dice,1972,EMoi_m2G6XU,UK
Jimmy Cliff,The Harder They Come,1972,7Znh0OM9jiA,JM
Captain Beefheart,Big Eyed Beans From Venus,1972,XF177Aj59C8,US
Nick Drake,Pink Moon,1972,xqe6TF2y8i4,UK
Big Star,Thirteen,1972,9tZT_FdAxpY,US
Roxy Music,Virginia Plain,1972,BonWfTW7jKc,UK
Pixies,Gigantic,1972,xJncHEZ3URs,US
The Stooges,Search and Destroy,1973,LC9km8qnbOY,US
Can,Future Days,1973,DG7vy0raayo,DE
The Zombies,Hung Up on a Dream,1973,6neIkEDG5v0,UK
Toots and the Maytals,Funky Kingston,1973,U79o7qwul48,JM
The Rolling Stones,Angie,1973,RcZn2-bGXqQ,UK
Kraftwerk,Autobahn,1974,x-G28iyPtz0,DE
Neil Young,On the Beach,1974,C9CkvAQkQLs,CA
Big Star,September Gurls,1974,8bmuMcjN0rQ,US
Pink Floyd,Wish You Were Here,1975,VluPdUeNWo8,UK
Bruce Springsteen,Born to Run,1975,IxuThNgl3YA,US
Bob Dylan,Tangled Up in Blue,1975,QKcNyMBw818,US
Queen,Bohemian Rhapsody,1975,fJ9rUzIMcZQ,UK
Bob Marley,"No Woman, No Cry",1975,IT8XvzIfi4U,JM
Patti Smith,Gloria,1975,bPO0bTaWcFQ,US
Augustus Pablo,King Tubby Meets the Rockers Uptown,1975,wbCrYBWh62Y,JM
Brian Eno,St. Elmo's Fire,1975,AZKch8dZ61w,UK
Lou Reed,Coney Island Baby,1975,1SHCsgqZvQM,US
The Rapture,House of Jealous Lovers,1975,6HP04nfUi4g,US
David Bowie,Young Americans,1975,iO6OvHxD_m8,UK
Eagles,Hotel California,1976,dLl4PZtxia8,US
Ramones,Blitzkrieg Bop,1976,268C3N2dDYk,US
Sex Pistols,Anarchy in the U.K.,1976,q31WY0Aobro,UK
The Modern Lovers,Roadrunner,1976,6ZWoJ8_75Mo,US
Fela Kuti,Zombie,1976,Qj5x6pbJMyU,NG
The Damned,New Rose,1976,TUxFQ5QBiYk,UK
David Bowie,Golden Years,1976,ApHM1ct4tdM,UK
The Saints,(I'm) Stranded,1976,MpMwMDqOprc,AU
Donna Summer,I Feel Love,1977,9ZqqvrWCs3Q,US
Fleetwood Mac,Go Your Own Way,1977,ozl3L9fhKtE,US
David Bowie,Heroes,1977,lXgkuM2NhYI,UK
The Bee Gees,Stayin' Alive,1977,fNFzfwLM72c,AU
Iggy Pop,Lust for Life,1977,jQvUBf5l7Vw,US
Parliament,Flash Light,1977,bWurqD68u70,US
Television,Marquee Moon,1977,g4myghLPLZc,US
Kraftwerk,Trans-Europe Express,1977,kv8_EZrNhpY,DE
Wire,Pink Flag,1977,1Wi94-JGrtc,UK
Talking Heads,Psycho Killer,1977,CJ54eImz88w,US
The Congos,Fisherman,1977,mFTxmDy74LI,JM
Fleetwood Mac,Dreams,1977,Y3ywicffOj4,US
David Bowie,Sound and Vision,1977,ZV_UsQPTBy4,UK
Suicide,Frankie Teardrop,1977,Ugyp4CZF8rU,US
Television,See No Evil,1977,a7L0IYPXKj8,US
The Clash,Complete Control,1977,JeTw_p_WglY,UK
X-Ray Spex,Oh Bondage Up Yours!,1977,FYMObdOqcRg,UK
Buzzcocks,Ever Fallen in Love,1978,0Af7ayYIJ9w,UK
Kate Bush,Wuthering Heights,1978,-1pMMIe4hb4,UK
Pere Ubu,The Modern Dance,1978,5Epj2nStQrk,US
Blondie,Heart of Glass,1978,WGU_4-5RaxU,US
Brian Eno,1/1,1978,LKZ3fGR2SDY,UK
Devo,Uncontrollable Urge,1978,XTNGg0Tj5Aw,US
Dinosaur,Kiss Me Again,1978,6O92UBBaiI4,US
Giorgio Moroder,Chase,1978,mpW3C_k0WMY,IT
The Cars,Just What I Needed,1978,gvy2yqUHLLg,US
Siouxsie and the Banshees,Hong Kong Garden,1978,Y-l9GQJRl9Y,UK
Funkadelic,One Nation Under a Groove,1978,3WOZwwRH6XU,US
The B-52's,Rock Lobster,1978,n4QSYx4wVQg,US
The Walker Brothers,The Electrician,1978,24qn991dxiQ,US
The Rolling Stones,Miss You,1978,hic-dnps6MU,UK
Pere Ubu,Non-Alignment Pact,1978,Leax63ullPE,US
The Walker Brothers,Nite Flights,1978,z-qp46azma8,US
The Rolling Stones,Shattered,1978,Wjz6l_4MqHM,UK
Michael Jackson,Don't Stop 'Til You Get Enough,1979,yURRmWtbTbo,US
The Clash,London Calling,1979,EfK-WX2pa8c,UK
Pink Floyd,Comfortably Numb,1979,_FrOQC-zEog,UK
Bob Marley,Redemption Song,1979,yv5xonFSC4c,JM
Gang of Four,Damaged Goods,1979,F_7BVaDIAbA,UK
Suicide,Dream Baby Dream,1979,fFYMsGj3ZhI,US
The Slits,Typical Girls,1979,brtGLeNR12g,UK
The Cure,Boys Don't Cry,1979,9GkVhgIeGJQ,UK
Joy Division,Disorder,1979,5BIElTtN6Fs,UK
Gang of Four,Ether,1979,ee_HrbO9xfI,UK
Queen,Another One Bites The Dust,1980,rY0WxgSXdEE,UK
Blondie,Call Me,1980,StKVS0eI85I,US
Kenny Rogers,Lady,1980,0T1J8JuTtR8,US
John Lennon,(Just Like) Starting Over,1980,dfbAAiL5ec8,UK
Diana Ross,Upside Down,1980,Po0BbGMSX4g,US
Captain & Tennille,Do That To Me One More Time,1980,z_XfJyrNLRQ,US
Pink Floyd,Another Brick In The Wall (Part II),1980,HrxX9TBj2zY,UK
Queen,Crazy Little Thing Called Love,1980,zO6D_BAuYCI,UK
Barbra Streisand,Woman In Love,1980,hQLGCX8D-1Y,US
Paul McCartney And Wings,Coming Up (Live At Glasgow),1980,laResJ9jTtg,UK
Michael Jackson,Rock With You,1980,5X-Mrc2l1d0,US
Billy Joel,It's Still Rock And Roll To Me,1980,5eAQa4MOGkE,US
"Lipps, Inc.",Funkytown,1980,uhzy7JaU2Zc,US
Olivia Newton-John,Magic,1980,DnkHf069fvA,AU
KC And The Sunshine Band,Please Don't Go,1980,PwrVePMx6t0,US
Dolly Parton,9 To 5,1980,UbxUSsFXYo4,US
Olivia Newton-John,Physical,1981,vWz9VN40nCA,AU
Kim Carnes,Bette Davis Eyes,1981,EPOIS5taqA8,US
Diana Ross & Lionel Richie,Endless Love,1981,UsqDoz2Co4o,US
The J. Geils Band,Centerfold,1981,BqDjMZKf-wg,US
Foreigner,Waiting For A Girl Like You,1981,2dWmKSj5HjI,UK/US
The Human League,Don't You Want Me,1981,uPudE8nDog0,UK
Rick Springfield,Jessie's Girl,1981,qYkbTyHXwbs,AU
Men At Work,Down Under,1981,XfR9iY5y94s,AU
Christopher Cross,Arthur's Theme (Best That You Can Do),1981,wJ6zs2WSCjk,US
Daryl Hall & John Oates,I Can't Go For That (No Can Do),1981,ccenFp_3kq8,US
John Lennon,Woman,1981,ZhfWiU8wGCc,UK
Quarterflash,Harden My Heart,1981,OqeKV2UYq1Q,US
Survivor,Eye Of The Tiger,1982,btPJPFnesV4,US
Joan Jett & The Blackhearts,I Love Rock 'N' Roll,1982,wMsazR6Tnf8,US
Paul McCartney And Stevie Wonder,Ebony And Ivory,1982,fXAlfh6QKQs,UK/US
Michael Jackson,Billie Jean,1982,Zi_XLOBDo_Y,US
The Steve Miller Band,Abracadabra,1982,tY8B0uQpwZs,US
John Cougar,Hurts So Good,1982,4dOsbsuhYGQ,US
Daryl Hall & John Oates,Maneater,1982,yRYFKcMa_Ek,US
Chicago,Hard To Say I'm Sorry,1982,1A0MPWseJIE,US
John Cougar,Jack & Diane,1982,h04CH9YZcpI,US
Laura Branigan,Gloria,1982,nNEb2k_EmMg,US
The Police,Every Breath You Take,1983,OMOGaugKpzs,UK
Irene Cara,Flashdance...What A Feeling,1983,ILWSp0m9G2U,US
Paul McCartney And Michael Jackson,Say Say Say,1983,iSRbINhFqGE,UK/US
Lionel Richie,All Night Long (All Night),1983,nqAvFx3NxUM,US
Bonnie Tyler,Total Eclipse Of The Heart,1983,lcOxhH8N3Bo,UK
Kenny Rogers Duet With Dolly Parton,Islands In The Stream,1983,UaNGtgYwSsU,US
Michael Jackson,Beat It,1983,oRdxUFDoQe0,US
Yes,Owner Of A Lonely Heart,1983,SVOuYquXuuc,UK
Madonna,Like A Virgin,1984,s__rX_WL100,US
Prince,When Doves Cry,1984,UG3VcCAlUgE,US
Wham! feat. George Michael,Careless Whisper,1984,izGwDsrQ1eQ,UK
Van Halen,Jump,1984,SwYN7mTi6HM,US
Tina Turner,What's Love Got To Do With It,1984,oGpFcHTxjZs,US
Foreigner,I Want To Know What Love Is,1984,r3Pr1_v7hsw,UK/US
Kenny Loggins,Footloose,1984,ltrMfT4Qz5Y,US
Phil Collins,Against All Odds (Take A Look At Me Now),1984,wuvtoyVi7vY,UK
Stevie Wonder,I Just Called To Say I Love You,1984,1bGOgY1CmiU,US
Ray Parker Jr.,Ghostbusters,1984,Fe93CLbHjxQ,US
Lionel Richie,Hello,1984,mHONNcZbwDY,US
"Dionne & Friends (feat. Elton John, Gladys Knight, Stevie Wonder)",That's What Friends Are For,1985,HyTpu6BmE88,US/UK
Lionel Richie,"Say You, Say Me",1985,we0mk_J0zyc,US
USA For Africa,We Are The World,1985,s3wNuru4U0I,US
Mr. Mister,Broken Wings,1985,nKhN1t_7PEY,US
REO Speedwagon,Can't Fight This Feeling,1985,zpOULjyy-n8,US
Dire Straits,Money For Nothing,1985,wTP2RUD_cL0,UK
Madonna,Crazy For You,1985,DHutZXREZ0E,US
Phil Collins and Marilyn Martin,Separate Lives,1985,vmMinSOWKQk,UK/US
Tears For Fears,Everybody Wants To Rule The World,1985,aGCdLKXNF3w,UK
Huey Lewis & The News,The Power Of Love,1985,wBl2QGAIx1s,US
Tears For Fears,Shout,1985,Ye7FKc1JQe4,UK
Starship,We Built This City,1985,K1b8AhIsSYQ,US
Eddie Murphy,Party All The Time,1985,iWa-6g-TbgI,US
Paul Young,Everytime You Go Away,1985,nfk6sCzRTbM,UK
Falco,Rock Me Amadeus,1985,cVikZ8Oe_XA,AT
The Bangles,Walk Like An Egyptian,1986,Cv6tuzHUuuk,US
Bon Jovi,Livin' On A Prayer,1986,lDK9QqIzhwk,US
Patti LaBelle & Michael McDonald,On My Own,1986,KsH63qJlIMM,US
Whitney Houston,Greatest Love Of All,1986,IYzlVDlE72w,US
Gregory Abbott,Shake You Down,1986,Uc8wmLul3uw,US
Huey Lewis & The News,Stuck With You,1986,J08ZwySCoJ8,US
George Michael,Faith,1987,6Cs3Pvmmv0E,UK
Heart,Alone,1987,1Cw1ng75KP0,US
Whitney Houston,I Wanna Dance With Somebody (Who Loves Me),1987,eH3giaIzONA,US
Starship,Nothing's Gonna Stop Us Now,1987,3wxyN3z9PL4,US
U2,With Or Without You,1987,ujNeHIo7oTE,IE
Los Lobos,La Bamba,1987,nLAWPrCUQQ0,US
INXS,Need You Tonight,1987,F93ywiGMDnQ,AU
Rick Astley,Never Gonna Give You Up,1987,dQw4w9WgXcQ,UK
George Harrison,Got My Mind Set On You,1987,_71w4UA2Oxo,UK
Poison,Every Rose Has Its Thorn,1988,j2r2nDhTzO4,US
Chicago,Look Away,1988,2uKLTtVqQpE,US
Steve Winwood,Roll With It,1988,u_vkKozA8OI,UK
Paula Abdul,Straight Up,1988,El1kgCqD7Xk,US
George Michael,One More Try,1988,bG5N3GC-m20,UK
Guns N' Roses,Sweet Child O' Mine,1988,1w7OgIMMRc4,US
Phil Collins,Another Day In Paradise,1989,Qt2mbGP6vFI,UK
Janet Jackson,Miss You Much,1989,IVF0zcqr9Dg,US
Billy Joel,We Didn't Start The Fire,1989,eFTLKWw542g,US
Richard Marx,Right Here Waiting,1989,S_E2EHVxNAE,US
Debbie Gibson,Lost In Your Eyes,1989,8Ms3mJFkSeg,US
Linda Ronstadt feat. Aaron Neville,Don't Know Much,1989,TrqncNVA0FY,US
Madonna,Like A Prayer,1989,79fzeNUqQbQ,US
Wilson Phillips,Hold On,1990,uIbXvaE39wM,US
Roxette,It Must Have Been Love,1990,k2C5TjS2sh4,SE
Sinéad O'Connor,Nothing Compares 2 U,1990,0-EF60neguk,IE
Bell Biv DeVoe,Poison,1990,hgnhVcyLy1I,US
Madonna,Vogue,1990,GuJQSAiODqI,US
Mariah Carey,Vision of Love,1990,tov22NtCMC4,US
Phil Collins,Another Day in Paradise,1990,Qt2mbGP6vFI,UK
En Vogue,Hold On,1990,pj9ap3-HVzE,US
Billy Idol,Cradle of Love,1990,NCZuYS-9qaw,UK
Jon Bon Jovi,Blaze of Glory,1990,MfmYCM4CS8o,US
Bell Biv DeVoe,Do Me!,1990,8T6HNbdi9AA,US
Michael Bolton,How Am I Supposed to Live Without You,1990,YFood_bTOX4,US
Technotronic,Pump Up the Jam,1990,9EcjWd-O4jI,BE
Paula Abdul,Opposites Attract,1990,xweiQukBM_k,US
Janet Jackson,Escapade,1990,UFX3gQHIroU,US
Heart,All I Wanna Do Is Make Love to You,1990,OAfxs0IDeMs,US
Maxi Priest,Close to You,1990,MbcPSXkRVgQ,UK
Alannah Myles,Black Velvet,1990,tT4d1LQy4es,CA
Wilson Phillips,Release Me,1990,gcNyk54b3ZU,US
Linda Ronstadt featuring Aaron Neville,Don't Know Much,1990,TrqncNVA0FY,US
Bryan Adams,(Everything I Do) I Do It for You,1991,Y0pdQU87dc8,CA
Color Me Badd,I Wanna Sex You Up,1991,Oxu3pq319r0,US
C+C Music Factory,Gonna Make You Sweat (Everybody Dance Now),1991,LaTGrV58wec,US
Paula Abdul,Rush Rush,1991,yqyIaNWP0T0,US
Timmy T,One More Try,1991,hcEaUJoo0NE,US
EMF,Unbelievable,1991,sfCLt0kTd5E,UK
Extreme,More Than Words,1991,UrIiLvg58SY,US
Hi-Five,I Like the Way (The Kissing Game),1991,vF3MB0U6DO8,US
Surface,The First Time,1991,_Sz2HOAb54w,US
Amy Grant,Baby Baby,1991,vMXuuYnoRdI,US
Boyz II Men,Motownphilly,1991,Rciee-oQLoI,US
Stevie B,Because I Love You (The Postman Song),1991,Xc1uQI2XmZs,US
Mariah Carey,Someday,1991,4RWfSUWVP2I,US
Damn Yankees,High Enough,1991,l_uh8XjgLTE,US
Bette Midler,From a Distance,1991,lN4AcFzxtdE,US
Whitney Houston,All the Man That I Need,1991,3WH1Ma50QUk,US
Jesus Jones,"Right Here, Right Now",1991,MznHdJReoeo,UK
Color Me Badd,I Adore Mi Amor,1991,92NdfSeOLA0,US
Janet Jackson,Love Will Never Do (Without You),1991,n0dqk6Vybeo,US
Marky Mark and the Funky Bunch featuring Loleatta Holloway,Good Vibrations,1991,_kctwd4w7R0,US
Boyz II Men,End of the Road,1992,zDKO6XYXioc,US
Sir Mix-a-Lot,Baby Got Back,1992,X53ZSxkQ3Ho,US
Kris Kross,Jump,1992,010KyIQjkTk,US
Vanessa Williams,Save the Best for Last,1992,5EdmHSTwmWY,US
TLC,Baby-Baby-Baby,1992,Q2H6pTtEVlo,US
Eric Clapton,Tears in Heaven,1992,JxPj3GAYYZ0,UK
En Vogue,My Lovin' (You're Never Gonna Get It),1992,JIuYQ_4TcXg,US
Red Hot Chili Peppers,Under the Bridge,1992,GLvohMXgcBo,US
Color Me Badd,All 4 Love,1992,vb6LuiZqRYQ,US
Jon Secada,Just Another Day,1992,B6LhWbQthAI,CU
Shanice,I Love Your Smile,1992,ysYyCElzB0A,US
Mr. Big,To Be with You,1992,L6-uJLteKek,US
Right Said Fred,I'm Too Sexy,1992,P5mtclwloEQ,UK
Michael Jackson,Black or White,1992,F2AitTPI5U0,US
Billy Ray Cyrus,Achy Breaky Heart,1992,byQIPdHMpjc,US
Mariah Carey,I'll Be There,1992,UIt3dx4an9c,US
Guns N' Roses,November Rain,1992,8SbUC-UaAxE,US
Tom Cochrane,Life Is a Highway,1992,U3sMjm9Eloo,CA
CeCe Peniston,Finally,1992,xk8mm1Qmt-Y,US
Madonna,This Used to Be My Playground,1992,RhXDO2a3-sE,US
Whitney Houston,I Will Always Love You,1993,3JWTaaS7LdU,US
Tag Team,Whoomp! (There It Is),1993,L6mNa_QZVHg,US
UB40,Can't Help Falling in Love,1993,vUdloUqZa7w,UK
Janet Jackson,That's the Way Love Goes,1993,2b_KfAGiglc,US
Silk,Freak Me,1993,Ry6XUsow4Vg,US
SWV,Weak,1993,976b8TPPFJU,US
Shai,If I Ever Fall in Love,1993,caNRc1ER8p4,US
Mariah Carey,Dreamlover,1993,CqBtS6BIP1E,US
Wreckx-n-Effect,Rump Shaker,1993,7RtvxKtXBao,US
Snow,Informer,1993,TSffz_bl6zo,CA
Dr. Dre,Nuthin' but a 'G' Thang,1993,8GliyDgAGQI,US
Boyz II Men,In the Still of the Nite,1993,SOsKyJlSgQM,US
Jade,Don't Walk Away,1993,wZ9HG0nGe-g,US
H-Town,Knockin' da Boots,1993,tHS1Yv9ZK0o,US
Jodeci,Lately,1993,zUT0vZmbH88,US
Duice,Dazzey Duks,1993,rDOVLOo_BBs,US
Robin S.,Show Me Love,1993,Ps2Jc28tQrw,US
Peabo Bryson and Regina Belle,A Whole New World,1993,PmvT7B3u7II,US
Janet Jackson,If,1993,BTSd4vqnMwo,US
SWV,I'm So Into You,1993,FL-pm-xRb40,US
Ace of Base,The Sign,1994,iqu132vTl5Y,SE
All-4-One,I Swear,1994,cVpvlaKfLQc,US
Boyz II Men,I'll Make Love to You,1994,fV8vB1BB2qc,US
Celine Dion,The Power of Love,1994,Y8HOfcYWZoo,CA
Mariah Carey,Hero,1994,0IA3ZvCkRkQ,US
Lisa Loeb and Nine Stories,Stay (I Missed You),1994,i9HGwRbMiVY,US
Toni Braxton,Breathe Again,1994,pRFEz2MjZgg,US
"Bryan Adams, Rod Stewart and Sting",All for Love,1994,ofA3URC1wyk,CA/UK
Ace of Base,All That She Wants,1994,d73tiBBzvFM,SE
Ace of Base,Don't Turn Around,1994,B_gs4gCyGKs,SE
R. Kelly,Bump n' Grind,1994,-U3OUZG_Y1w,US
Janet Jackson,Again,1994,qUHtwV8wkOU,US
Madonna,I'll Remember,1994,R0cfZczo4yk,US
Salt-n-Pepa featuring En Vogue,Whatta Man,1994,5vgV_dVkXN4,US
John Mellencamp with Meshell Ndegeocello,Wild Night,1994,1nPPRQeTxTY,US
Mariah Carey,Without You / Never Forget You,1994,PE_g8q1p-MI,US
Toni Braxton,You Mean the World to Me,1994,JB5FxcI7Pyw,US
Elton John,Can You Feel the Love Tonight,1994,KjgWWjkNbhU,UK
Prince,The Most Beautiful Girl in the World,1994,FuXbKLiW1UI,US
Coolio,Fantastic Voyage,1994,anFD_aYi5GQ,US
Coolio featuring L.V.,Gangsta's Paradise,1995,fPO76Jlnz6c,US
TLC,Waterfalls,1995,8WEtxJ4-sh4,US
TLC,Creep,1995,LlZydtG3xqI,US
Seal,Kiss from a Rose,1995,hDd2G_V1rzc,UK
Boyz II Men,On Bended Knee,1995,jSUSFow70no,US
Real McCoy,Another Night,1995,Pav2f4b-1ZE,DE
Mariah Carey,Fantasy,1995,qq09UkPRdFY,US
Madonna,Take a Bow,1995,XDeiovnCv1o,US
Monica,Don't Take It Personal (Just One of Dem Days),1995,asXau88O5Is,US
Montell Jordan,This Is How We Do It,1995,0hiUuL5uTKc,US
Dionne Farris,I Know,1995,fqng9NDqKB8,US
Boyz II Men,Water Runs Dry,1995,9N9opF-PK5k,US
Adina Howard,Freak Like Me,1995,fdyUqqRfUMk,US
Blues Traveler,Run-Around,1995,ousaiByU1ko,US
All-4-One,I Can Love You Like That,1995,FEHQnTXC3SI,US
Bryan Adams,Have You Ever Really Loved a Woman?,1995,diKIYv8tMC8,CA
Bon Jovi,Always,1995,9BMwcO6_hyA,US
Shaggy,Boombastic / In the Summertime,1995,nW_MJRscgHE,JM
Nicki French,Total Eclipse of the Heart,1995,7EolLvBcWaA,IT
Des'ree,You Gotta Be,1995,WRUwSk9UTrA,UK
Los del Río,Macarena (Bayside Boys Mix),1996,zWaymcVmJ-A,ES
Mariah Carey and Boyz II Men,One Sweet Day,1996,UXxRyNvTPr8,US
Celine Dion,Because You Loved Me,1996,fpl4if07ics,CA
The Tony Rich Project,Nobody Knows,1996,W7EyUY3-Wrg,US
Mariah Carey,Always Be My Baby,1996,LfRNRymrv9k,US
Tracy Chapman,Give Me One Reason,1996,V6hQ9HSKlIE,US
Bone Thugs-n-Harmony,Tha Crossroads,1996,VMYAEHE2GrM,US
Donna Lewis,I Love You Always Forever,1996,SqdWTeXWvOg,UK
Toni Braxton,You're Makin' Me High / Let It Flow,1996,wIgOL21S98o,US
Keith Sweat,Twisted,1996,cP4yAnbtDZE,US
Quad City DJ's,C'mon N' Ride It (The Train),1996,3Awey7AbXT0,US
Everything but the Girl,Missing,1996,U56Ns66Qrb8,UK
Alanis Morissette,Ironic,1996,Jne9t8sHpUc,CA
Whitney Houston,Exhale (Shoop Shoop),1996,wrTuV4Szxzo,US
Gin Blossoms,Follow You Down / Til I Hear It from You,1996,5LuH0ywYVQc,US
Brandy,Sittin' Up in My Room,1996,yge2PqEZZJo,US
2Pac featuring K-Ci and JoJo / 2Pac featuring Dr. Dre and Roger Troutman,How Do U Want It / California Love,1996,N0VdRLdg2ng,US
Celine Dion,It's All Coming Back to Me Now,1996,j8fHNdrZTSI,CA
Eric Clapton,Change the World,1996,kntzQiaFzOQ,UK
LL Cool J featuring Boyz II Men,Hey Lover,1996,Um99r6sgspY,US
Elton John,Candle in the Wind 1997 / Something About the Way You Look Tonight,1997,B93Tir6l5FA,UK
Jewel,You Were Meant for Me / Foolish Games,1997,4WW4qcmrJ3E,US
Puff Daddy and Faith Evans featuring 112,I'll Be Missing You,1997,NKMtZm2YuBE,US
Toni Braxton,Un-Break My Heart,1997,p2Rch6WvPJE,US
Puff Daddy featuring Mase,Can't Nobody Hold Me Down,1997,0zXis84Pi24,US
R. Kelly,I Believe I Can Fly,1997,4qPOWeA-L5I,US
En Vogue,Don't Let Go (Love),1997,mwhwGmoYv1s,US
Mark Morrison,Return of the Mack,1997,uB1D9wWxd2w,UK
LeAnn Rimes,How Do I Live,1997,1Olo8gzgpC4,US
Spice Girls,Wannabe,1997,gJLIiF15wjQ,UK
Backstreet Boys,Quit Playing Games (With My Heart),1997,Ug88HO2mg44,US
Hanson,MMMBop,1997,NHozn0YXAeE,US
Monica,For You I Will,1997,qLnoYEAoJ-M,US
Usher,You Make Me Wanna...,1997,bQRzrnH6_HY,US
Meredith Brooks,Bitch,1997,_ivt_N2Zcts,US
Keith Sweat featuring Athena Cage,Nobody,1997,FMar1ifzdmk,US
Third Eye Blind,Semi-Charmed Life,1997,beINamVRGy4,US
Duncan Sheik,Barely Breathing,1997,A-oh-tP6RvA,US
Az Yet featuring Peter Cetera,Hard to Say I'm Sorry,1997,qpzPrSRQwTw,US
The Notorious B.I.G. featuring Puff Daddy and Mase,Mo Money Mo Problems,1997,gUhRKVIjJtw,US
Next,Too Close,1998,kwEZRPkAAu8,US
Brandy and Monica,The Boy Is Mine,1998,qSIOp_K5GMw,US
Shania Twain,You're Still the One,1998,KNZH-emehxA,CA
Savage Garden,Truly Madly Deeply,1998,WQnAxOQxQIU,AU
LeAnn Rimes,How Do I Live,1998,1Olo8gzgpC4,US
Janet Jackson,Together Again,1998,7SXKHiPQPhk,US
K-Ci & JoJo,All My Life,1998,DXvMT_mVbqw,US
Elton John,Something About the Way You Look Tonight / Candle in the Wind 1997,1998,B93Tir6l5FA,UK
Usher,Nice & Slow,1998,DIpQ4AZSAf8,US
Paula Cole,I Don't Want to Wait,1998,L_dVEtLPdDE,US
Third Eye Blind,How's It Going to Be,1998,rE1oIhSgTgI,US
Destiny's Child,"No, No, No",1998,-0wbtk6_vpE,US
Celine Dion,My Heart Will Go On,1998,9bFHsd3o1w0,CA
Will Smith,Gettin' Jiggy wit It,1998,3JcmQONgXJM,US
Usher,You Make Me Wanna...,1998,bQRzrnH6_HY,US
Usher,My Way,1998,dthjojjVhDo,US
Mariah Carey,My All,1998,mIhI23gBBPQ,US
Monica,The First Night,1998,ImynIRpbQLE,US
Puff Daddy featuring The Notorious B.I.G. and Mase,Been Around the World,1998,lbUgUJXEGGk,US
Cher,Believe,1999,nZXRV4MezEw,US
TLC,No Scrubs,1999,FrLequ6dUdM,US
Monica,Angel of Mine,1999,3eOuK-pYhy4,US
Whitney Houston featuring Faith Evans and Kelly Price,Heartbreak Hotel,1999,xEmdW3_bi4c,US
Britney Spears,...Baby One More Time,1999,C-u5WLJ9Yk4,US
Sixpence None the Richer,Kiss Me,1999,Jnq9wPDoDKg,US
Christina Aguilera,Genie in a Bottle,1999,kIDWgqDBNXA,US
Sugar Ray,Every Morning,1999,3cqU1pFRqYE,US
Deborah Cox,Nobody's Supposed to Be Here,1999,H947PtHmh0Y,CA
Ricky Martin,Livin' la Vida Loca,1999,p47fEXGabaY,PR
Madonna,Music,2000,Sdz2oW0NMFk,US
Eminem ft. Dido,Stan,2000,gOMhN-hfMtY,US
U2,Beautiful Day,2000,co6WMzDOh1o,IE
3 Doors Down,Kryptonite,2000,xPU8OAjjS4k,US
Destiny's Child,Independent Women,2000,0lPQZni7I18,US
Lee Ann Womack,I Hope You Dance,2000,RV-Z1YwaOiw,US
Coldplay,Yellow,2000,yKNxeF4KMsY,UK
OutKast,Ms. Jackson,2000,MYxAiK6VnXw,US
*NSYNC,Bye Bye Bye,2000,Eo-KmOd3i7s,US
Lifehouse,Hanging by a Moment,2000,tPnK39ax_AM,US
Britney Spears,Oops!... I Did It Again,2000,CduA0TULnow,US
Shaggy ft. Ricardo Ducent,It Wasn't Me,2000,U48fb7Nx1A8,JM
Linkin Park,In the End,2000,eVTXPUF4Oz4,US
Robbie Williams,Rock DJ,2000,BnO3nijfYmU,UK
Sonique,It Feels So Good,2000,G28dz7JOjQM,UK
Ian Van Dahl,Castles in the Sky,2000,efjc146v3hA,BE
Milk Inc.,Walk on Water,2000,bW6PowAIAxg,BE
Sylver,Turn the Tide,2000,6TzCjhSdCp8,BE
Darude,Sandstorm,2000,y6120QOlsfU,FI
Zombie Nation,Kernkraft 400,2000,z5LW07FTJbI,DE
Safri Duo,Played-A-Live (The Bongo Song),2000,IksRDCMYnn8,DK
ATB,9pm (Till I Come),2000,QFGMQZyvnmY,DE
Bomfunk MC's,Freestyler,2000,ymNFyxvIdaM,FI
Modjo,Lady (Hear Me Tonight),2000,mMfxI3r_LyA,FR
Spiller ft. Sophie Ellis-Bextor,Groovejet (If This Ain't Love),2000,FI3gn4APNXc,IT
Kylie Minogue,Spinning Around,2000,t1DWBKk5xHQ,AU
Nickelback,How You Remind Me,2001,Aiay8I5IPB8,CA
Alicia Keys,Fallin',2001,Urdlvw0SSEc,US
Missy Elliott,Get Ur Freak On,2001,FPoKiGQzbSQ,US
"Christina Aguilera ft. Lil' Kim, Mya, Pink",Lady Marmalade,2001,RQa7SvVCdZk,US
Train,Drops of Jupiter (Tell Me),2001,7Xf-Lesrkuc,US
Enrique Iglesias,Hero,2001,koJlIGDImiU,ES
Pink,Get the Party Started,2001,mW1dbiD_zDk,US
Kylie Minogue,Can't Get You Out of My Head,2001,c18441Eh_WE,AU
Kylie Minogue,Can't Get You Out of My Head,2001,c18441Eh_WE,AU
Barthezz,On the Move,2001,WKdAt8uwSg0,NL
Lasgo,Something,2001,BF5bV6oWXJg,BE
PPK,Resurrection,2001,Rce8QnuFRVk,RU
Rui da Silva ft. Cassandra,Touch Me,2001,fUM1ADtR0WY,PT
Nelly ft. Kelly Rowland,Dilemma,2002,8WYHDfJDPDc,US
Eminem,Lose Yourself,2002,xFYQQPAOz7Y,US
Nelly,Hot in Herre,2002,GeZZr_p6vB8,US
Coldplay,Clocks,2002,d020hcWA_Wg,UK
Avril Lavigne,Complicated,2002,5NPBIwQyPWE,CA
Eminem,Without Me,2002,YVkUvmDQ3HY,US
Ashanti ft. Ja Rule,Foolish,2002,gUPrnu3BEU8,US
Maroon 5,This Love,2002,XPpTgCho5ZA,US
Christina Aguilera,Beautiful,2002,eAfyFTzZDMM,US
Girls Aloud,Sound of the Underground,2002,V9Wv4SCBiTE,UK
DJ Sammy,Heaven,2002,4-aPT0IEfT0,ES
4 Strings,Take Me Away,2002,faHomJimjLc,NL
Kate Ryan,Désenchantée,2002,tmPws7eXcVk,BE
Lasgo,Pray,2002,3TGRtKb4fOw,BE
Beyoncé ft. Jay-Z,Crazy in Love,2003,ViwtNLUqkMY,US
OutKast,Hey Ya!,2003,PWgvGjAhvIw,US
50 Cent,In da Club,2003,5qm8PH4xAss,US
The White Stripes,Seven Nation Army,2003,0J2QdDbelmY,US
Hoobastank,The Reason,2003,fV4DiAyExN0,US
Black Eyed Peas ft. Justin Timberlake,Where Is the Love?,2003,WpYeekQkAdc,US
Johnny Cash,Hurt,2003,8AHCfZTRGiI,US
Evanescence ft. Paul McCoy,Bring Me to Life,2003,3YxaaGgTQYM,US
Sean Paul,Get Busy,2003,oPQ3o14ksaM,JM
Finger Eleven,One Thing,2003,2FQO1fj1MJU,CA
Jet,Are You Gonna Be My Girl,2003,tuK6n2Lkza0,AU
The Darkness,I Believe in a Thing Called Love,2003,tKjZuykKY1I,UK
Yellowcard,Ocean Avenue,2003,X9fLbfzCqWw,US
Busted,Crashed the Wedding,2003,QclbaDc_Kdc,UK
Ultrabeat,Pretty Green Eyes,2003,iNSsdVUK4HI,UK
"Usher ft. Lil Jon, Ludacris",Yeah!,2004,GxBSyx85Kp8,US
Mario,Let Me Love You,2004,H64QG4UsrGI,US
Green Day,Boulevard of Broken Dreams,2004,Soa3gO7tL-c,US
The Killers,Mr. Brightside,2004,gGdGFtwCNBE,US
Franz Ferdinand,Take Me Out,2004,Ijk4j-r7qPA,UK
Kelly Clarkson,Since U Been Gone,2004,R7UrFYvl5TE,US
Britney Spears,Toxic,2004,LOZuxwVk7TU,US
Mario,Let Me Love You,2004,H64QG4UsrGI,US
U2,Vertigo,2004,98W9QuMq-2k,IE
Ciara ft. Petey Pablo,Goodies,2004,YtC92pzp5vw,US
Snoop Dogg ft. Pharrell,Drop It Like It's Hot,2004,GtUVQei3nX4,US
Natasha Bedingfield,Unwritten,2004,b7k0a5hYnSI,UK
The Game ft. 50 Cent,How We Do,2004,PH34kMOjmQk,US
Crossfade,Colors,2004,PYw0mg8RPKA,US
Modest Mouse,Float On,2004,CTAud5O7Qqk,US
Bloc Party,Banquet,2004,vdkmhquF60o,UK
The Libertines,Can't Stand Me Now,2004,CqM11bt9QvI,UK
Eric Prydz,Call on Me,2004,qetW6R9Jxs4,SE
Mylo,Drop the Pressure,2004,er1hvGFQ8Xg,UK
Mariah Carey,We Belong Together,2005,0habxsuXW4g,US
Kanye West ft. Jamie Foxx,Gold Digger,2005,6vwNcNOTVzY,US
James Blunt,You're Beautiful,2005,oofSnsGkops,UK
Daniel Powter,Bad Day,2005,gH476CxJxfg,CA
Gwen Stefani,Hollaback Girl,2005,Kgjkth6BRRY,US
The Fray,How to Save a Life,2005,cjVQ36NhbMk,US
Madonna,Hung Up,2005,EDwb9jOVRtU,US
Pussycat Dolls ft. Busta Rhymes,Don't Cha,2005,YNSxNsr4wmA,US
50 Cent ft. Olivia,Candy Shop,2005,SRcnnId15BA,US
Gorillaz ft. De La Soul,Feel Good Inc.,2005,HyHNuVaZJ-k,UK
Chris Brown,Run It!,2005,w6QGe-pXgdI,US
Ne-Yo,So Sick,2005,IxszlJppRQI,US
50 Cent,Just a Lil Bit,2005,GllEDACUbNo,US
Chamillionaire ft. Krayzie Bone,Ridin',2005,CtwJvgPJ9xw,US
Gym Class Heroes ft. Patrick Stump,Cupid's Chokehold,2005,eiiU-Fky18s,US
Arctic Monkeys,I Bet You Look Good on the Dancefloor,2005,pK7egZaT3hs,UK
Oasis,The Importance of Being Idle,2005,jySfU10IQu4,UK
Sugababes,Push the Button,2005,oJDGcxAf9D8,UK
McFly,All About You,2005,gRjO2JJT3qk,UK
Cascada,Everytime We Touch,2005,4G6QDNC4jPs,DE
Madonna,Hung Up,2005,EDwb9jOVRtU,US
BodyRockers,I Like the Way,2005,jO90ullM3FQ,AU
Infernal,From Paris to Berlin,2005,THt5u-i2d9k,DK
Sunset Strippers,Falling Stars,2005,iZdCuulzbGI,UK
Rogue Traders,Voodoo Child,2005,SrlhLaNClgw,AU
Gnarls Barkley,Crazy,2006,-N4jf6rtyuw,US
Beyoncé,Irreplaceable,2006,2EwViQxSJJQ,US
Shakira ft. Wyclef Jean,Hips Don't Lie,2006,DUT5rEU6pqM,CO
Justin Timberlake,SexyBack,2006,3gOHvDP_vCs,US
Amy Winehouse,Rehab,2006,KUmZp8pR1uc,UK
Snow Patrol,Chasing Cars,2006,GemKqzILV4w,UK
Nelly Furtado ft. Timbaland,Promiscuous,2006,0J3vgcE5i2o,CA
Akon ft. Eminem,Smack That,2006,bKDdT_nyP54,SN
"Lil Jon ft. E-40, Sean Paul",Snap Yo Fingers,2006,AoA-ByjIf2M,US
Yung Joc,It's Goin' Down,2006,rFz59Jmgewk,US
Ludacris ft. Pharrell,Money Maker,2006,T9Op2YQ7yyU,US
Akon,Don't Matter,2006,JWA5hJl4Dv0,SN
Daughtry,It's Not Over,2006,UQ92eyxnxmQ,US
The Red Jumpsuit Apparatus,Face Down,2006,6Ux6SlOE9Qk,US
Boys Like Girls,The Great Escape,2006,JGPgxoIPY6Q,US
The Kooks,Naive,2006,jkaMiaRLgvY,UK
Razorlight,America,2006,V9NhncU5_CE,UK
The Fratellis,Chelsea Dagger,2006,sEXHeTcxQy4,UK
Muse,Supermassive Black Hole,2006,Xsp3_a-PMTw,UK
Fedde Le Grand,Put Your Hands Up for Detroit,2006,cxhab3IMYm0,NL
Fish Go Deep ft. Tracey K,The Cure & the Cause,2006,ikJCO_FrQQ8,IE
September,Cry for You,2006,deYCFCAK-RE,SE
Flo Rida ft. T-Pain,Low,2007,U2waT9TxPU0,US
Alicia Keys,No One,2007,rywUS-ohqeE,US
Timbaland ft. OneRepublic,Apologize,2007,ZSM3w1v-A_Y,US
Leona Lewis,Bleeding Love,2007,Vzo-EL_62fQ,UK
Rihanna ft. Jay-Z,Umbrella,2007,CvBfHwUxHIk,BB
OneRepublic with Timbaland,Apologize,2007,ZSM3w1v-A_Y,US
Fergie,Big Girls Don't Cry,2007,agrXgrAgQ0U,US
Kanye West ft. Daft Punk,Stronger,2007,PsO6ZnUZI0g,US
Soulja Boy Tell'em,Crank That (Soulja Boy),2007,8UFIYGkROII,US
M.I.A.,Paper Planes,2007,ewRjZoRtu0Y,UK
Sara Bareilles,Love Song,2007,qi7Yh16dA0w,US
Kid Rock,All Summer Long,2007,aSkFygPCTwE,US
Sean Kingston,Beautiful Girls,2007,MrTz5xjmso4,US
Avril Lavigne,Girlfriend,2007,Bg59q4puhmg,CA
Timbaland ft. Keri Hilson,The Way I Are,2007,U5rLz5AZBIA,US
Jordin Sparks ft. Chris Brown,No Air,2007,WBKnpyoFEBo,US
Shop Boyz,Party Like a Rockstar,2007,82vpIsQ3lX8,US
Mims,This Is Why I'm Hot,2007,TwyE3WJ4AWo,US
Finger Eleven,Paralyzer,2007,BJk6gZuPKRE,CA
Fall Out Boy,"This Ain't a Scene, It's an Arms Race",2007,GNm5drtAQXs,US
Paramore,Misery Business,2007,aCyGvGEtOwc,US
Buckcherry,Sorry,2007,77pb0WXAz-Q,US
Apocalyptica ft. Adam Gontier,I Don't Care,2007,yN3lUM-r6bk,FI
Seether,Rise Above This,2007,qP6JDLQF23g,ZA
Kaiser Chiefs,Ruby,2007,qObzgUfCl28,UK
The View,Same Jeans,2007,RpXTISw_Huw,UK
Basshunter,Now You're Gone,2007,IgFwiCApH7E,SE
Camille Jones vs. Fedde Le Grand,The Creeps,2007,BBBdt3NWHHM,DK
Ida Corr vs. Fedde Le Grand,Let Me Think About It,2007,7gkhE7t4KCE,DK
Lady Gaga,Poker Face,2008,bESGLojNYSo,US
Beyoncé,Single Ladies (Put a Ring on It),2008,4m1EFMoRFvY,US
Lady Gaga ft. Colby O'Donis,Just Dance,2008,2Abk1jAONjw,US
Katy Perry,I Kissed a Girl,2008,tAp9BKosZXs,US
Taylor Swift,Love Story,2008,8xg3vE8Ie_E,US
Taylor Swift,You Belong with Me,2008,VuNIsY6JdUw,US
Kings of Leon,Use Somebody,2008,gnhXHvRoUd0,US
Rihanna,Disturbia,2008,E1mU6h4Xdxc,BB
Katy Perry,Hot n Cold,2008,kTHNpusq654,US
T.I. ft. Rihanna,Live Your Life,2008,koVHN6eO4Xg,US
Pink,So What,2008,FJfFZqTlWrQ,US
Lil Wayne ft. Static Major,Lollipop,2008,2IH8tNQAzSs,US
T.I.,Whatever You Like,2008,Kgdr2uytpDI,US
Rihanna,Take a Bow,2008,J3UjJ4wKLkg,BB
Secondhand Serenade,Fall for You,2008,38HKpyVQZUo,US
Saving Abel,Addicted,2008,Z-ChyVXzbjA,US
3 Doors Down,It's Not My Time,2008,qpfhcljJ9bQ,US
Staind,Believe,2008,LM7gZh9JWnA,US
Shinedown,Second Chance,2008,WbsDPbr8qoM,US
Theory of a Deadman,Bad Girlfriend,2008,9YrWsmlJSiw,CA
Atreyu,Falling Down,2008,Nf256Pbo88A,US
Disturbed,Inside the Fire,2008,rxujAPhxlo0,US
O.A.R.,Shattered (Turn the Car Around),2008,Qa5Mawz92xU,US
P.O.D.,Addicted,2008,rdiwSAub_OA,US
Rev Theory,Hell Yeah,2008,7LuSP4QaXiQ,US
10 Years,Beautiful,2008,C6iQpkkWZm0,US
The Offspring,"You're Gonna Go Far, Kid",2008,ql9-82oV2JE,US
The Black Eyed Peas,I Gotta Feeling,2009,uSD4vsh1zDA,US
The Black Eyed Peas,Boom Boom Pow,2009,4m48GqaOz90,US
Lady Antebellum,Need You Now,2009,eM213aMKTHg,US
Jay-Z ft. Alicia Keys,Empire State of Mind,2009,vk6014HuxcE,US
Lady Gaga,Bad Romance,2009,qrO4YZeyl0I,US
Train,"Hey, Soul Sister",2009,kVpv8-5XWOI,US
Flo Rida ft. Kesha,Right Round,2009,CcCw1ggftuQ,US
Owl City,Fireflies,2009,psuRGfAaju4,US
Miley Cyrus,Party in the U.S.A.,2009,M11SvDtPBhA,US
Kasabian,Fire,2009,agVpq_XXRmU,UK
The Neighbourhood,Sweater Weather,2012,GCdwKhTtNNw,US
Arctic Monkeys,I Wanna Be Yours,2013,fukGbiPuBjU,UK
Vance Joy,Riptide,2013,uJ_1HMAGb4k,AU
Hozier,Take Me to Church,2013,PVjiKRfKpPI,IE
OneRepublic,Counting Stars,2013,hT_nvWreIhg,US
Ed Sheeran,Photograph,2014,nSDgHBxUbVQ,UK
Lord Huron,The Night We Met,2015,KtlgYxa6BMU,US
Justin Bieber,Love Yourself,2015,oyEuk8j8imI,CA
The Weeknd,The Hills,2015,yzTuBuRdAyA,CA
Twenty One Pilots,Stressed Out,2015,pXRviuL6vMY,US
Justin Bieber,Sorry,2015,fRh_vgS2dFE,CA
Major Lazer,Lean On,2015,YqeW9_5kURI,US
The Weeknd,Starboy,2016,34Na4j8AVgA,CA
Drake,One Dance,2016,g_vuAEWG70I,CA
The Chainsmokers,Closer,2016,PT2_F-1esPk,US
James Arthur,Say You Won't Let Go,2016,0yW7w8F2TVA,UK
The Weeknd,Die For You,2016,uPD0QOGTmMI,CA
Travis Scott,goosebumps,2016,Dst9gZkq1a8,US
Bruno Mars,That's What I Like,2016,PMivT7MJ41M,US
DJ Snake,Let Me Love You,2016,SMs0GnYze34,FR
Shawn Mendes,Treat You Better,2016,lY2yjAdbvdQ,CA
Shawn Mendes,There's Nothing Holdin' Me Back,2016,dT2owtxkU8k,CA
Ed Sheeran,Shape of You,2017,JGwWNGJdvx8,UK
Imagine Dragons,Believer,2017,7wtfhZwyrcc,US
The Chainsmokers,Something Just Like This,2017,FM7MFYoylVs,US
Post Malone,rockstar,2017,UceaB4D0jpo,US
Juice WRLD,Lucid Dreams,2017,mzB1VGEGcSU,US
Imagine Dragons,Thunder,2017,fKopy74weus,US
Kendrick Lamar,HUMBLE.,2017,tvTRZJ-4EyI,US
French Montana,Unforgettable,2017,CTFtOOh47oo,US
"Tyler, The Creator",See You Again,2017,TGgcC5xg9YI,US
Dua Lipa,New Rules,2017,k2qgadSvNyU,UK
Lil Uzi Vert,XO Tour Llif3,2017,WrsFXgQk5UI,US
XXXTENTACION,Jocelyn Flores,2017,FAucVNRx_mU,US
Sam Smith,Too Good At Goodbyes,2017,J_ub7Etch2U,UK
Camila Cabello,Havana,2017,BQ0mxQXmLsk,CU
Charlie Puth,Attention,2017,nfs8NYg7yQM,US
Cigarettes After Sex,Apocalypse,2017,sElE_BfQ67s,US
Ruth B.,Dandelions,2017,W8a4sUabCUo,CA
Lauv,I Like Me Better,2017,BcqxLCWn-CE,US
ZAYN,Dusk Till Dawn,2017,tt2k8PGm-TI,UK
Måneskin,Beggin',2017,W2MpGCL8-9o,IT
Drake,Passionfruit,2017,EgfsXTOn_pI,CA
Lewis Capaldi,Someone You Loved,2018,zABLecsR5UE,UK
Post Malone,Sunflower,2018,ApXoWvfEYVU,US
Billie Eilish,lovely,2018,V1Pl8CzNzCw,US
Lady Gaga,Shallow,2018,bo_efYhYU2A,US
Drake,God's Plan,2018,xpVfcZ0ZcFM,CA
Kendrick Lamar,All The Stars,2018,JQbjS0_ZfJ0,US
Calvin Harris,One Kiss,2018,DkeiKbqa02g,UK
Marshmello,Happier,2018,m7Bc3pLyij0,US
Travis Scott,SICKO MODE,2018,6ONRf7h3Mdk,US
XXXTENTACION,SAD!,2018,pgN-vvVVxMA,US
Halsey,Without Me,2018,ZAfAud_M_mg,US
Billie Eilish,when the party's over,2018,pbMwTqkKSps,US
The Weeknd,Call Out My Name,2018,M4ZoCHID9GI,CA
XXXTENTACION,Moonlight,2018,GX8Hg6kWQYI,US
Post Malone,Better Now,2018,UYwF-jdcVjY,US
Ariana Grande,"thank u, next",2018,gl1aHhXnN1k,US
Alec Benjamin,Let Me Down Slowly,2018,50VNCymT-Cs,US
Dean Lewis,Be Alright,2018,I0czvJ_jikg,AU
5 Seconds of Summer,Youngblood,2018,-RJSbO8UZVY,AU
Juice WRLD,All Girls Are The Same,2018,h3EJICKwITw,US
benny blanco,Eastside,2018,56WBK4ZK_cw,US
Ava Max,Sweet but Psycho,2018,WXBHCQYxwr0,US
Post Malone,Wow.,2018,393C3pr2ioY,US
Panic! At The Disco,High Hopes,2018,IPXIgEAGe4U,US
XXXTENTACION,Hope,2018,KyAcMpQUY5s,US
Trevor Daniel,Falling,2018,L7mfjvdnPno,US
Cardi B,I Like It,2018,xTlNMmZKwpA,US
Maroon 5,Girls Like You,2018,aJOTlE1K90k,US
Anne-Marie,2002,2018,Il-an3K9pjg,UK
Lady Gaga,Always Remember Us This Way,2018,5vheNbQlsyU,US
DJ Snake,Taki Taki,2018,ixkoVwKQaJg,FR
Lil Baby,Drip Too Hard (Lil Baby & Gunna),2018,_YzD9KW82sk,US
Zedd,The Middle,2018,M3mJkSqZbX4,DE
Dynoro,In My Mind,2018,5gga8E43clk,LT
Khalid,Better,2018,x3bfa3DZ8JM,US
Joji,SLOW DANCING IN THE DARK,2018,K3Qzzggn--s,JP
Lil Nas X,Old Town Road,2018,r7qovpFAGrQ,US
Post Malone,Psycho,2018,au2n7VVGv_c,US
Tyga,Taste,2018,LjxulQ1bEWg,US
Ariana Grande,no tears left to cry,2018,ffxKSjUwKdU,US
Bad Bunny,MIA,2018,OSUxrSe5GbI,PR
Imagine Dragons,Natural,2018,0I647GU3Jsc,US
The Neighbourhood,Softcore,2018,ggG9ySCChYw,US
Drake,In My Feelings,2018,DRS_PpOrUZ4,CA
Anne-Marie,FRIENDS,2018,jzD_yyEcp0M,UK
girl in red,we fell in love in october,2018,iggmiF7DNoM,NO
The Weeknd,Blinding Lights,2019,4NRXx6U8ABQ,CA
Tones And I,Dance Monkey,2019,q0hyYWKXF0Q,AU
Shawn Mendes,Señorita,2019,Pkh8UtuejGw,CA
Taylor Swift,Cruel Summer,2019,ic8j13piAhQ,US
Harry Styles,Watermelon Sugar,2019,E07s5ZYygMg,UK
Dua Lipa,Don't Start Now,2019,oygrmJFKYZY,UK
Post Malone,Circles,2019,wXhTHyIgQ_U,US
Billie Eilish,bad guy,2019,DyDfgMOUjCI,US
Ariana Grande,7 rings,2019,QYh6mYIJG2Y,US
Maroon 5,Memories,2019,SlPhMPnQ58k,US
Lewis Capaldi,Before You Go,2019,Jtauh8GcxBY,UK
J Balvin,LA CANCIÓN,2019,LxOTsiV4tkQ,CO
Roddy Ricch,The Box,2019,UNZqm3dxd2w,US
Travis Scott,HIGHEST IN THE ROOM,2019,tfSS1e3kYeo,US
SAINt JHN,Roses,2019,2zToEPpFEN8,US
Ed Sheeran,I Don't Care,2019,y83x7MgzWOA,UK
Billie Eilish,everything i wanted,2019,EgBJmlPo8Xw,US
Harry Styles,Adore You,2019,VF-r5TtlT9w,UK
Taylor Swift,Lover,2019,-BjZmE2gtdo,US
Lil Tecca,Ransom,2019,1XzY2ij_vL4,US
Chris Brown,Under The Influence,2019,pfxyk1glEq4,US
Bad Bunny,Callaita,2019,acEOASYioGY,PR
JHAYCO,No Me Conoce,2019,w2C6RhQBYlg,PR
KAROL G,Tusa,2019,tbneQDc2H3I,CO
Jonas Brothers,Sucker,2019,CnAmeh0-E-U,US
Sam Smith,Dancing With A Stranger,2019,av5JD1dfj_c,UK
Arizona Zervas,ROXANNE,2019,16YnOUnbE6s,US
Daddy Yankee,Con Calma,2019,DiItGE3eAyQ,PR
Regard,Ride It,2019,ucVUEmjKsko,XK
Ed Sheeran,Beautiful People,2019,mj0XInqZMHY,UK
Harry Styles,Falling,2019,olGSAVOkkTI,UK
J. Cole,MIDDLE CHILD,2019,WILNIXZr2oc,US
Duncan Laurence,Arcade,2019,51u5fnyrGj4,NL
Doja Cat,Streets,2019,jJdlgKzVsnI,US
Selena Gomez,Lose You To Love Me,2019,zlJDTxahav0,US
Post Malone,Goodbyes,2019,ba7mB8oueCY,US
blackbear,hot girl bummer,2019,yMlKJGKyoCo,US
Masked Wolf,Astronaut In The Ocean,2019,MEg-oqI9qmw,AU
JP Saxe,If the World Was Ending,2019,1jO2wSpAoxA,CA
Doja Cat,Say So,2019,pok8H_KF1FA,US
BTS,Boy With Luv (Feat. Halsey),2019,XsX3ATc3FbA,KR
Anuel AA,China,2019,0VR3dfZf9Yg,PR
New West,Those Eyes,2019,i9UDD6zyCGs,CA
Ali Gatie,It's You,2019,PXGycbkbtW0,IQ
Noah Cyrus,July,2019,KhjTa_7Nq6Y,US
Billie Eilish,i love you,2019,sB4iOw62R3I,US
"Tyler, The Creator",EARFQUAKE,2019,HmAsUQEFYGI,US
Chris Brown,No Guidance,2019,oOni4BMeMp0,US
Don Toliver,No Idea,2019,_r-nPqWGG6c,US
Pop Smoke,Dior,2019,oorVWW9ywG0,US
Gesaffelstein,Lost in the Fire,2019,ZGDGdRIxvd0,FR
Topic,Breaking Me,2019,jIoEaTN7GGo,DE
Dhruv,double take,2019,R8FHtIhWqNo,SG
Cigarettes After Sex,Cry,2019,3XqqkrJENB4,US
Dan + Shay,"10,000 Hours",2019,Y2E71oe0aSM,US
The Weeknd,Heartless,2019,1DpH-icPpl0,CA
Eyedress,Jealous,2019,d0Jyvteqzrw,PH
Kygo,Higher Love,2019,JR49dyo-y0E,NO
Shawn Mendes,If I Can't Have You,2019,oTJ-oqwxdZY,CA
Lunay,Soltera (Remix),2019,8zQTfGbyY5I,PR
Billie Eilish,bury a friend,2019,HUHC9tYz8ik,US
Bad Bunny,Vete,2019,f5aDUB1NCnk,PR
Mabel,Don't Call Me Up,2019,9TQKyDD9Yig,UK
Taylor Swift,You Need To Calm Down,2019,Dkk9gvTmCXY,US
Ariana Grande,"break up with your girlfriend, i'm bored",2019,LH4Y1ZUUx2g,US
MEDUZA,Piece Of Your Heart,2019,KWjV25q34Hw,IT
Wallows,Are You Bored Yet?,2019,wIgmyE5Juzw,US
Drake,Money In The Grave (Drake ft. Rick Ross),2019,R0ykLlhg0AQ,CA
Lana Del Rey,Cinnamon Girl,2019,UMMZWMbdv2w,US
Olivia Rodrigo,All I Want,2019,OOgvDiXl6hA,US
Black Eyed Peas,RITMO (Bad Boys For Life),2019,EzKkl64rRbM,US
Surfaces,Sunday Best,2019,_83KqwEEGw4,US
Sam Smith,How Do You Sleep?,2019,PmYypVozQb4,UK
Disclosure,Talk,2019,Y1QZOprK7PQ,UK
Juice WRLD,Bandit,2019,Sw5fNI400E4,US
J Balvin,QUE PRETENDES,2019,kPc3Pe42bGI,CO
Y2K,Lalala,2019,N2Y2vQ-1m7M,US
MEDUZA,Lose Control,2019,-3P2USPFDcE,IT
Labrinth,Formula,2019,N7EKS2aW_oc,UK
Surf Mesa,ily (i love you baby),2019,89degLrNZM8,US
Mustard,Ballin',2019,YS0h2-hy9rw,US
Harry Styles,Golden,2019,P3cffdsEXXw,UK
Ariana Grande,boyfriend,2019,9SRxBTtspYM,US
James Arthur,Car's Outside,2019,v27COkZT4GY,UK
CKay,love nwantiti (ah ah ah),2019,D-YDEyuDxWU,NG
BLACKPINK,Kill This Love,2019,2S24-y0Ij3Y,KR
Ashe,Moral of the Story,2019,WQq98YPV8yk,US
Dua Lipa,Levitating,2020,TUVcZfQe-Kw,UK
Glass Animals,Heat Waves,2020,mRD0-GxqHVo,UK
The Weeknd,Save Your Tears,2020,XXYlFuWEuKI,CA
24kGoldn ft. Iann Dior,Mood,2020,GrAchTdepsU,US
Cardi B ft. Megan Thee Stallion,WAP,2020,hsm4poTWjMs,US
BTS,Dynamite,2020,gdZLi9oWNZg,KR
Harry Styles,Watermelon Sugar,2020,E07s5ZYygMg,UK
Jack Harlow,Whats Poppin,2020,HIwAI05Y1fU,US
Megan Thee Stallion ft. Beyoncé,Savage,2020,lEIqjoO0-Bs,US
SAINt JHN,Roses (Imanbek Remix),2020,2zToEPpFEN8,GY
Pop Smoke ft. Lil Baby & DaBaby,For The Night,2020,Q9pjm4cNsfc,US
Jason Derulo & Jawsh 685,Savage Love,2020,gUci-tsiU4I,US
"Internet Money ft. Gunna, Don Toliver & NAV",Lemonade,2020,0opZqh_TprM,US
Blackpink,How You Like That,2020,ioNng23DkIM,KR
Ariana Grande,Positions,2020,tcYodQoapMg,US
Drake ft. Lil Durk,Laugh Now Cry Later,2020,JFm7YDVlqnI,CA
Justin Bieber ft. Chance the Rapper,Holy,2020,pvPsJFRGleA,CA
Lady Gaga & Ariana Grande,Rain On Me,2020,AoAm4om0wTs,US
Fleetwood Mac,Dreams,2020,Y3ywicffOj4,US
Joel Corry ft. MNEK,Head & Heart,2020,CRuOOxF-ENQ,UK
The Kid Laroi & Justin Bieber,Stay,2021,kTJczUoc26U,AU
Olivia Rodrigo,Drivers License,2021,ZmDBbnmKpqQ,US
Olivia Rodrigo,Good 4 U,2021,gNi_6U5Pm_o,US
Doja Cat ft. SZA,Kiss Me More,2021,0EVVKs6DQLo,US
Lil Nas X,Montero (Call Me By Your Name),2021,6swmTBVI83k,US
Ed Sheeran,Bad Habits,2021,orJSJGHjBLI,UK
Måneskin,Beggin',2021,W2MpGCL8-9o,IT
BTS,Butter,2021,WMweEpGlu_U,KR
Justin Bieber ft. Daniel Caesar & Giveon,Peaches,2021,tQ0yjYUFKAE,CA
Masked Wolf,Astronaut In The Ocean,2021,MEg-oqI9qmw,AU
Polo G,Rapstar,2021,w2IhccXakkE,US
Riton & Nightcrawlers ft. Mufasa & Hypeman,Friday,2021,U6n2NcJ7rLc,UK
Silk Sonic (Bruno Mars & Anderson .Paak),Leave The Door Open,2021,adLGHcj_fmA,US
Billie Eilish,Happier Than Ever,2021,5GJWxDKyk3A,US
Adele,Easy On Me,2021,U3ASj1L6_sY,UK
Harry Styles,As It Was,2022,H5v3kku4y6Q,UK
Bad Bunny,Me Porto Bonito,2022,saGYMhApaH8,PR
Bad Bunny,Tití Me Preguntó,2022,Cr8K88UcO0s,PR
Kate Bush,Running Up That Hill,2022,wp43OdtAAkM,UK
Steve Lacy,Bad Habit,2022,VF-FGf_ZZiI,US
Sam Smith & Kim Petras,Unholy,2022,Uq9gPaIzbe8,UK
OneRepublic,I Ain't Worried,2022,mNEUkkoUoIA,US
Rema & Selena Gomez,Calm Down,2022,WcIcVapfqXw,NG
David Guetta & Bebe Rexha,I'm Good (Blue),2022,90RLzVUuXe4,FR
Tom Odell,Another Love,2022,MwpMEbgC7DA,UK
Elton John & Britney Spears,Hold Me Closer,2022,qExVlz3zb0k,UK
Bizarrap & Quevedo,"Quevedo: Bzrp Music Sessions, Vol. 52",2022,A_g3lMcWVy0,AR
Lizzo,About Damn Time,2022,IXXxciRUMzE,US
Jack Harlow,First Class,2022,yQBImEeXNZ4,US
Gayle,ABCDEFU,2022,NaFd8ucHLuo,US
Miley Cyrus,Flowers,2023,G7KNmW9a75Y,US
SZA,Kill Bill,2023,MSRcC626prw,US
Morgan Wallen,Last Night,2023,bUjPPBxbQrQ,US
Taylor Swift,Anti-Hero,2023,b1kbLwvqugk,US
Rema & Selena Gomez,Calm Down,2023,WcIcVapfqXw,NG
"Metro Boomin, The Weeknd & 21 Savage",Creepin',2023,61ymOWwOwuk,US
David Kushner,Daylight,2023,MoN9ql6Yymw,US
Eslabon Armado & Peso Pluma,Ella Baila Sola,2023,lZiaYpD9ZrI,MX
Gunna,Fukumean,2023,V6ZsXKE8QmQ,US
"Peso Pluma, Gabito Ballesteros & Junior H",Lady Gaga,2023,3Wnso2A4PZE,MX
Taylor Swift,Cruel Summer,2023,ic8j13piAhQ,US
SZA,Snooze,2023,LDY_XyxBu8A,US
Zach Bryan ft. Kacey Musgraves,I Remember Everything,2023,ZVVvJjwzl6c,US
Jung Kook ft. Latto,Seven,2023,QU9c0053UAU,KR
Doja Cat,Paint The Town Red,2023,m4_9TFeMfJE,US
Sabrina Carpenter,Espresso,2024,eVli-tstM5E,US
Benson Boone,Beautiful Things,2024,Oa_RSwwpPaA,US
Billie Eilish,Birds Of A Feather,2024,V9PVRfjEBTI,US
Shaboozey,A Bar Song (Tipsy),2024,t7bQwwqW-Hc,US
Teddy Swims,Lose Control,2024,GZ3zL7kT6_c,US
Chappell Roan,"Good Luck, Babe!",2024,1RKqOmSkGgM,US
FloyyMenor & Cris Mj,Gata Only,2024,-r687V8yqKY,CL
Post Malone ft. Morgan Wallen,I Had Some Help,2024,4QIZE708gJ4,US
Tommy Richman,Million Dollar Baby,2024,Zf1d8SGuxfs,US
Hozier,Too Sweet,2024,NTpbbQUBbuo,IE
Kendrick Lamar,Not Like Us,2024,H58vbez_m4E,US
Sabrina Carpenter,Please Please Please,2024,cF1Na4AIecM,US
Taylor Swift ft. Post Malone,Fortnight,2024,q3zqJs7JUCQ,US
Dasha,Austin,2024,FyjnbSsZ2tc,US
Myles Smith,Stargazing,2024,tKml80alH3Y,UK
Lady Gaga & Bruno Mars,Die With A Smile,2025,kPa7bsKwL-c,US
ROSÉ & Bruno Mars,APT,2025,ekr2nIex040,KR
Alex Warren,Ordinary,2025,u2ah9tWTkmk,US
Taylor Swift,The Fate of Ophelia,2025,ko70cExuzZM,US
Bad Bunny,DtMF,2025,v9T_MGfzq7I,PR
Kendrick Lamar & SZA,Luther,2025,sNY_2TEmzho,US
HUNTR/X,Golden,2025,yebNIHKAC4A,KR
Bad Bunny,Baile Inolvidable,2025,a1Femq4NPxs,PR
Gracie Abrams,That's So True,2025,W_YOJWZIjxo,US
Billie Eilish,Wildflower,2025,l08Zw-RY__Q,US
Sabrina Carpenter,Sailor Song,2025,PUr7dJk04Wc,US
Bad Bunny,Nuevayol,2025,KU5V5WZVcVE,PR
Jin,Don't Say You Love Me,2025,o7BcyAd6rqg,KR
sombr,Back to Friends,2025,c8zq4kAn_O0,US
Olivia Dean,Man I Need,2025,oIv_Y2RPQ_A,UK
